datetime,time,open,high,low,close,volume
2025-07-19 23:30:00,1752948000,117797.0,117941.0,117740.0,117925.0,44762
2025-07-19 23:45:00,1752948900,117925.0,117987.5,117833.5,117912.5,26786
2025-07-20 00:00:00,1752949800,117938.5,118030.5,117937.5,117938.5,15132
2025-07-20 00:15:00,1752950700,117937.5,117988.5,117829.0,117845.0,23064
2025-07-20 00:30:00,1752951600,117853.5,117913.0,117573.5,117723.0,53814
2025-07-20 00:45:00,1752952500,117720.0,117851.5,117714.0,117848.0,20460
2025-07-20 01:00:00,1752953400,117847.0,118137.0,117847.0,118107.0,35539
2025-07-20 01:15:00,1752954300,118107.0,118108.0,117958.0,117989.5,19846
2025-07-20 01:30:00,1752955200,117989.5,118134.0,117940.5,117997.0,17677
2025-07-20 01:45:00,1752956100,117996.0,117996.0,117884.5,117989.5,15323
2025-07-20 02:00:00,1752957000,117989.5,117989.5,117930.0,117965.5,5087
2025-07-20 02:15:00,1752957900,117957.5,118067.5,117678.0,117694.5,32841
2025-07-20 02:30:00,1752958800,117693.5,117821.0,117511.5,117584.0,36715
2025-07-20 02:45:00,1752959700,117590.0,117675.0,117261.5,117674.5,58031
2025-07-20 03:00:00,1752960600,117662.5,117662.5,117400.0,117458.0,10915
2025-07-20 03:15:00,1752961500,117457.0,117728.5,117457.0,117677.5,11090
2025-07-20 03:30:00,1752962400,117678.5,117762.0,117502.5,117745.0,12062
2025-07-20 03:45:00,1752963300,117746.0,117792.0,117672.5,117686.5,8904
2025-07-20 04:00:00,1752964200,117680.5,117829.0,117678.0,117814.5,7822
2025-07-20 04:15:00,1752965100,117826.5,117837.5,117749.0,117780.5,6086
2025-07-20 04:30:00,1752966000,117757.0,117928.0,117717.5,117893.5,7994
2025-07-20 04:45:00,1752966900,117892.5,117893.5,117715.5,117771.0,4847
2025-07-20 05:00:00,1752967800,117771.0,117917.5,117770.0,117791.0,3515
2025-07-20 05:15:00,1752968700,117778.5,117871.0,117768.0,117826.5,2597
2025-07-20 05:30:00,1752969600,117841.0,117859.0,117677.5,117705.5,8937
2025-07-20 05:45:00,1752970500,117682.0,117786.0,117633.0,117633.0,5918
2025-07-20 06:00:00,1752971400,117632.0,117784.5,117630.5,117658.0,6028
2025-07-20 06:15:00,1752972300,117659.0,117986.5,117657.5,117924.0,13543
2025-07-20 06:30:00,1752973200,117921.5,118066.5,117867.0,117972.5,17424
2025-07-20 06:45:00,1752974100,117970.0,118131.0,117962.5,117967.5,15000
2025-07-20 07:00:00,1752975000,117961.5,118048.5,117928.0,117986.5,9876
2025-07-20 07:15:00,1752975900,117986.5,118027.5,117885.5,117921.0,6428
2025-07-20 07:30:00,1752976800,117920.0,117938.0,117796.5,117883.0,19661
2025-07-20 07:45:00,1752977700,117883.0,117912.0,117780.5,117780.5,9322
2025-07-20 08:00:00,1752978600,117780.5,117905.0,117752.5,117870.0,12332
2025-07-20 08:15:00,1752979500,117869.5,118002.0,117853.0,117970.0,12784
2025-07-20 08:30:00,1752980400,117970.0,118097.5,117969.0,117981.5,13403
2025-07-20 08:45:00,1752981300,117980.5,117997.5,117725.5,117891.5,18688
2025-07-20 09:00:00,1752982200,117891.5,118165.5,117890.5,117979.5,29821
2025-07-20 09:15:00,1752983100,117978.5,117979.5,117905.0,117946.5,15801
2025-07-20 09:30:00,1752984000,117946.5,117968.0,117881.5,117907.0,13051
2025-07-20 09:45:00,1752984900,117907.0,118070.0,117868.0,118050.0,11508
2025-07-20 10:00:00,1752985800,118051.0,118112.0,117908.0,117920.0,17427
2025-07-20 10:15:00,1752986700,117920.0,117979.0,117911.5,117930.0,7560
2025-07-20 10:30:00,1752987600,117931.5,117964.0,117830.0,117865.5,13452
2025-07-20 10:45:00,1752988500,117866.5,117882.0,117780.0,117808.0,18894
2025-07-20 11:00:00,1752989400,117808.0,117903.0,117798.5,117880.5,16662
2025-07-20 11:15:00,1752990300,117900.0,117910.0,117824.5,117834.0,9624
2025-07-20 11:30:00,1752991200,117835.0,117835.0,117759.5,117759.5,13405
2025-07-20 11:45:00,1752992100,117760.5,117855.0,117747.5,117807.0,20776
2025-07-20 12:00:00,1752993000,117806.5,117831.5,117788.0,117831.5,6595
2025-07-20 12:15:00,1752993900,117832.5,117872.0,117808.5,117808.5,12831
2025-07-20 12:30:00,1752994800,117809.5,117868.5,117808.5,117843.0,11970
2025-07-20 12:45:00,1752995700,117844.0,118050.0,117843.0,118050.0,28095
2025-07-20 13:00:00,1752996600,118050.0,118212.0,117999.0,118212.0,37706
2025-07-20 13:15:00,1752997500,118212.0,118215.0,117980.5,118000.0,36195
2025-07-20 13:30:00,1752998400,117999.0,118243.0,117998.0,118242.5,48283
2025-07-20 13:45:00,1752999300,118242.5,118242.5,118105.0,118158.5,30228
2025-07-20 14:00:00,1753000200,118158.5,118245.5,118103.0,118155.0,24546
2025-07-20 14:15:00,1753001100,118156.0,118232.5,118111.0,118147.5,14561
2025-07-20 14:30:00,1753002000,118147.5,118274.0,117993.5,117994.0,46417
2025-07-20 14:45:00,1753002900,117994.0,118160.0,117990.0,117995.5,21390
2025-07-20 15:00:00,1753003800,117994.5,118108.5,117994.5,118071.5,12438
2025-07-20 15:15:00,1753004700,118071.5,118094.5,117870.0,117903.0,24249
2025-07-20 15:30:00,1753005600,117900.5,117994.5,117882.5,117933.5,22285
2025-07-20 15:45:00,1753006500,117932.5,117991.5,117911.5,117948.0,8489
2025-07-20 16:00:00,1753007400,117953.0,117998.5,117939.5,117968.5,10081
2025-07-20 16:15:00,1753008300,117955.0,117955.5,117861.0,117891.0,13293
2025-07-20 16:30:00,1753009200,117892.0,117947.0,117850.5,117900.0,15372
2025-07-20 16:45:00,1753010100,117900.0,117992.0,117831.0,117857.5,18450
2025-07-20 17:00:00,1753011000,117858.5,117912.0,117813.0,117905.0,14525
2025-07-20 17:15:00,1753011900,117905.0,118077.5,117812.5,117880.5,40505
2025-07-20 17:30:00,1753012800,117881.5,117979.5,117710.0,117895.5,63832
2025-07-20 17:45:00,1753013700,117895.5,118038.0,117800.0,117821.5,40351
2025-07-20 18:00:00,1753014600,117811.0,117904.5,117780.5,117854.0,13699
2025-07-20 18:15:00,1753015500,117853.0,118169.0,117811.5,118066.5,43376
2025-07-20 18:30:00,1753016400,118066.5,118193.0,118066.5,118110.5,35837
2025-07-20 18:45:00,1753017300,118110.5,118152.0,118068.0,118105.5,13732
2025-07-20 19:00:00,1753018200,118104.5,118145.0,118066.0,118107.0,10966
2025-07-20 19:15:00,1753019100,118111.0,118395.0,118097.0,118390.0,74387
2025-07-20 19:30:00,1753020000,118391.0,118760.0,118263.5,118542.5,206778
2025-07-20 19:45:00,1753020900,118542.5,118805.5,118443.0,118638.5,109841
2025-07-20 20:00:00,1753021800,118639.5,118793.0,118514.0,118576.0,46479
2025-07-20 20:15:00,1753022700,118576.0,118603.5,118366.5,118444.0,81401
2025-07-20 20:30:00,1753023600,118445.0,118653.5,118341.0,118652.0,65569
2025-07-20 20:45:00,1753024500,118652.0,118708.5,118511.5,118707.5,50798
2025-07-20 21:00:00,1753025400,118707.5,118771.0,118558.5,118585.5,50552
2025-07-20 21:15:00,1753026300,118585.5,118774.0,118565.0,118680.5,48868
2025-07-20 21:30:00,1753027200,118681.5,118869.0,118533.5,118613.5,91038
2025-07-20 21:45:00,1753028100,118612.5,118664.0,118461.5,118657.5,46367
2025-07-20 22:00:00,1753029000,118657.5,118830.0,118607.5,118735.5,39357
2025-07-20 22:15:00,1753029900,118735.5,118741.5,118502.5,118556.0,47244
2025-07-20 22:30:00,1753030800,118556.0,118556.0,118168.0,118332.5,131013
2025-07-20 22:45:00,1753031700,118337.5,118442.0,118234.0,118332.5,34993
2025-07-20 23:00:00,1753032600,118338.5,118444.0,118053.5,118221.0,44912
2025-07-20 23:15:00,1753033500,118222.0,118222.0,117934.5,118015.5,74621
2025-07-20 23:30:00,1753034400,118031.0,118222.0,118030.0,118189.5,37990
2025-07-20 23:45:00,1753035300,118190.5,118217.0,118071.5,118193.0,19581
2025-07-21 00:00:00,1753036200,118193.0,118246.5,118080.0,118222.0,23143
2025-07-21 00:15:00,1753037100,118222.0,118433.0,118221.0,118341.5,45849
2025-07-21 00:30:00,1753038000,118340.5,118550.0,118340.5,118506.5,36594
2025-07-21 00:45:00,1753038900,118506.5,118561.5,118417.0,118531.5,19219
2025-07-21 01:00:00,1753039800,118538.0,118539.0,118340.0,118340.0,19663
2025-07-21 01:15:00,1753040700,118340.0,118375.0,118142.5,118143.5,24371
2025-07-21 01:30:00,1753041600,118142.5,118170.0,117832.5,118044.0,59474
2025-07-21 01:45:00,1753042500,118043.0,118210.5,117980.5,118079.5,18027
2025-07-21 02:00:00,1753043400,118069.0,118166.0,118051.5,118166.0,8482
2025-07-21 02:15:00,1753044300,118166.0,118257.5,118076.5,118078.0,11565
2025-07-21 02:30:00,1753045200,118073.5,118074.5,117821.0,118006.5,19643
2025-07-21 02:45:00,1753046100,117992.5,118110.0,117812.5,118077.0,16418
2025-07-21 03:00:00,1753047000,118077.0,118141.5,117900.0,118001.0,11141
2025-07-21 03:15:00,1753047900,118001.0,118047.5,117994.0,117994.0,5361
2025-07-21 03:30:00,1753048800,117995.0,118042.0,116849.5,116886.5,140757
2025-07-21 03:45:00,1753049700,116871.5,117277.5,116411.0,117242.0,80652
2025-07-21 04:00:00,1753050600,117227.5,117604.5,117088.0,117566.5,29782
2025-07-21 04:15:00,1753051500,117601.0,117642.5,117381.5,117450.0,15568
2025-07-21 04:30:00,1753052400,117450.0,117534.5,117200.5,117347.0,19355
2025-07-21 04:45:00,1753053300,117347.0,117388.0,117153.5,117184.0,10127
2025-07-21 05:00:00,1753054200,117213.0,117352.0,116918.5,117219.0,15414
2025-07-21 05:15:00,1753055100,117208.0,117300.0,117116.0,117227.5,8583
2025-07-21 05:30:00,1753056000,117227.5,117268.0,116819.0,116827.5,23304
2025-07-21 05:45:00,1753056900,116834.0,116969.0,116472.0,116881.0,38384
2025-07-21 06:00:00,1753057800,116888.5,117179.0,116703.5,116990.0,27370
2025-07-21 06:15:00,1753058700,116974.5,117345.0,116849.0,117335.0,22228
2025-07-21 06:30:00,1753059600,117346.0,117423.0,117122.5,117136.5,28098
2025-07-21 06:45:00,1753060500,117150.0,117235.0,117011.5,117111.5,16146
2025-07-21 07:00:00,1753061400,117121.0,117208.0,116744.0,116934.0,25776
2025-07-21 07:15:00,1753062300,116935.0,117295.5,116882.5,117274.0,17988
2025-07-21 07:30:00,1753063200,117274.0,117983.0,117274.0,117892.5,60699
2025-07-21 07:45:00,1753064100,117899.0,118067.0,117671.5,118011.5,39167
2025-07-21 08:00:00,1753065000,118012.5,118021.0,117796.0,117832.0,27115
2025-07-21 08:15:00,1753065900,117821.5,118183.0,117746.0,118168.0,29740
2025-07-21 08:30:00,1753066800,118167.0,118503.5,118108.0,118412.0,64697
2025-07-21 08:45:00,1753067700,118411.0,118539.5,118326.5,118472.5,37464
2025-07-21 09:00:00,1753068600,118471.5,118597.0,118357.5,118405.0,40880
2025-07-21 09:15:00,1753069500,118404.0,118405.0,118221.5,118387.0,33415
2025-07-21 09:30:00,1753070400,118387.0,118397.0,118276.5,118350.0,14301
2025-07-21 09:45:00,1753071300,118351.5,118631.5,118244.0,118423.5,30030
2025-07-21 10:00:00,1753072200,118418.5,118618.0,118415.0,118546.5,20361
2025-07-21 10:15:00,1753073100,118546.5,118546.5,118298.0,118318.0,20574
2025-07-21 10:30:00,1753074000,118319.0,118362.0,118223.0,118346.5,23714
2025-07-21 10:45:00,1753074900,118347.5,118349.0,118155.5,118191.0,28639
2025-07-21 11:00:00,1753075800,118192.0,118332.0,118191.0,118297.0,14298
2025-07-21 11:15:00,1753076700,118297.0,118410.5,118260.5,118410.0,23904
2025-07-21 11:30:00,1753077600,118410.0,118411.0,118261.5,118349.5,16414
2025-07-21 11:45:00,1753078500,118349.5,118910.0,118343.0,118843.5,107181
2025-07-21 12:00:00,1753079400,118842.5,119257.5,118842.5,118971.5,139982
2025-07-21 12:15:00,1753080300,118970.5,119205.5,118909.0,119171.0,40137
2025-07-21 12:30:00,1753081200,119169.5,119427.0,119151.5,119362.0,74659
2025-07-21 12:45:00,1753082100,119361.0,119629.0,119312.5,119617.0,56621
2025-07-21 13:00:00,1753083000,119617.0,119680.0,119272.5,119278.0,61883
2025-07-21 13:15:00,1753083900,119278.0,119429.5,119273.0,119364.5,21282
2025-07-21 13:30:00,1753084800,119369.0,119505.0,119325.5,119374.5,40301
2025-07-21 13:45:00,1753085700,119373.5,119405.5,119180.0,119251.0,43054
2025-07-21 14:00:00,1753086600,119252.0,119345.0,118892.5,118982.0,60067
2025-07-21 14:15:00,1753087500,118981.0,119094.5,118837.5,119002.5,52412
2025-07-21 14:30:00,1753088400,119009.5,119093.0,118887.0,118912.5,28935
2025-07-21 14:45:00,1753089300,118913.5,118950.5,118754.5,118782.5,44301
2025-07-21 15:00:00,1753090200,118781.5,118832.5,118529.0,118622.5,55189
2025-07-21 15:15:00,1753091100,118622.5,118733.5,118548.5,118692.5,42031
2025-07-21 15:30:00,1753092000,118692.5,118810.0,118611.5,118783.0,35879
2025-07-21 15:45:00,1753092900,118783.0,118783.0,118478.5,118511.0,45672
2025-07-21 16:00:00,1753093800,118511.5,118581.0,118325.0,118497.5,77687
2025-07-21 16:15:00,1753094700,118500.0,118600.0,118500.0,118565.0,37601
2025-07-21 16:30:00,1753095600,118559.0,118738.0,118552.5,118616.0,39858
2025-07-21 16:45:00,1753096500,118612.0,118787.5,118511.0,118614.0,43164
2025-07-21 17:00:00,1753097400,118613.5,118640.5,118337.5,118360.5,71985
2025-07-21 17:15:00,1753098300,118363.0,118416.0,118046.0,118056.0,102846
2025-07-21 17:30:00,1753099200,118056.0,118200.5,117738.0,118200.5,156411
2025-07-21 17:45:00,1753100100,118201.5,118579.5,118163.5,118431.5,113898
2025-07-21 18:00:00,1753101000,118431.5,118519.5,118100.0,118186.0,63672
2025-07-21 18:15:00,1753101900,118185.0,118309.5,118104.5,118152.5,31603
2025-07-21 18:30:00,1753102800,118151.5,118183.5,117862.0,117949.5,72272
2025-07-21 18:45:00,1753103700,117957.5,118304.0,117957.5,118277.0,57415
2025-07-21 19:00:00,1753104600,118276.5,118676.0,118224.0,118602.5,112732
2025-07-21 19:15:00,1753105500,118602.5,119086.5,118601.5,118818.0,171927
2025-07-21 19:30:00,1753106400,118818.0,118935.0,118400.5,118633.5,161809
2025-07-21 19:45:00,1753107300,118633.5,119098.5,118608.0,118896.5,140225
2025-07-21 20:00:00,1753108200,118899.5,119039.5,118703.5,119024.0,72166
2025-07-21 20:15:00,1753109100,119024.0,119212.0,118751.5,118805.5,114752
2025-07-21 20:30:00,1753110000,118796.0,118950.5,118648.0,118750.0,75122
2025-07-21 20:45:00,1753110900,118749.0,119124.0,118680.5,118686.5,62278
2025-07-21 21:00:00,1753111800,118686.5,118722.0,118300.0,118414.5,120343
2025-07-21 21:15:00,1753112700,118414.5,118567.0,118261.0,118315.5,75409
2025-07-21 21:30:00,1753113600,118315.5,118393.0,117910.5,117971.0,152080
2025-07-21 21:45:00,1753114500,117975.0,117978.0,117465.5,117899.5,210352
2025-07-21 22:00:00,1753115400,117899.5,118103.0,117774.0,117834.5,95604
2025-07-21 22:15:00,1753116300,117852.0,117897.5,117650.5,117739.0,48502
2025-07-21 22:30:00,1753117200,117734.5,118092.5,117711.5,117900.0,69881
2025-07-21 22:45:00,1753118100,117900.5,117956.5,117545.5,117545.5,56928
2025-07-21 23:00:00,1753119000,117539.5,117699.0,117344.5,117386.0,110678
2025-07-21 23:15:00,1753119900,117386.0,117883.0,117294.5,117827.5,105347
2025-07-21 23:30:00,1753120800,117827.5,117931.0,117813.0,117920.5,44080
2025-07-21 23:45:00,1753121700,117920.5,118209.0,117857.5,117965.0,87404
2025-07-22 00:00:00,1753122600,117964.0,117984.5,117412.0,117445.0,77295
2025-07-22 00:15:00,1753123500,117445.0,117445.5,117050.5,117127.5,106540
2025-07-22 00:30:00,1753124400,117128.5,117412.0,116948.0,117403.5,90703
2025-07-22 00:45:00,1753125300,117403.5,117498.0,116983.5,117042.5,55488
2025-07-22 01:00:00,1753126200,117055.0,117055.0,116696.5,116812.5,88792
2025-07-22 01:15:00,1753127100,116806.5,116871.5,116627.5,116736.0,49710
2025-07-22 01:30:00,1753128000,116736.0,116954.5,116614.5,116899.5,32504
2025-07-22 01:45:00,1753128900,116896.0,117091.5,116867.0,117040.5,34237
2025-07-22 02:00:00,1753129800,117052.5,117181.0,116887.5,117120.5,24977
2025-07-22 02:15:00,1753130700,117125.0,117233.5,116872.0,116913.0,22147
2025-07-22 02:30:00,1753131600,116893.5,117173.0,116836.0,116920.0,18133
2025-07-22 02:45:00,1753132500,116924.5,117212.0,116924.5,117173.5,14608
2025-07-22 03:00:00,1753133400,117198.0,117351.0,117082.5,117345.5,11898
2025-07-22 03:15:00,1753134300,117345.5,117345.5,117121.0,117183.0,14203
2025-07-22 03:30:00,1753135200,117183.0,117297.5,117072.5,117297.5,5819
2025-07-22 03:45:00,1753136100,117292.0,117386.0,117167.0,117352.0,6279
2025-07-22 04:00:00,1753137000,117377.0,117609.0,117377.0,117586.5,17702
2025-07-22 04:15:00,1753137900,117587.5,117595.0,117319.0,117319.0,8556
2025-07-22 04:30:00,1753138800,117320.0,117346.0,117138.5,117251.0,7434
2025-07-22 04:45:00,1753139700,117249.5,117328.5,117075.0,117313.0,7951
2025-07-22 05:00:00,1753140600,117327.0,117483.0,117275.0,117292.0,8159
2025-07-22 05:15:00,1753141500,117292.0,117440.0,117251.0,117341.5,6378
2025-07-22 05:30:00,1753142400,117342.5,117374.0,117222.0,117299.0,5053
2025-07-22 05:45:00,1753143300,117300.0,117487.0,117299.0,117487.0,9712
2025-07-22 06:00:00,1753144200,117487.0,117487.0,116982.0,117037.5,23861
2025-07-22 06:15:00,1753145100,117039.5,117291.5,117039.5,117084.5,13926
2025-07-22 06:30:00,1753146000,117085.5,117097.0,116814.0,116839.5,25651
2025-07-22 06:45:00,1753146900,116822.5,117212.0,116006.0,117211.0,136957
2025-07-22 07:00:00,1753147800,117212.0,117823.0,117086.5,117628.0,61197
2025-07-22 07:15:00,1753148700,117617.5,117922.0,117591.5,117711.5,57094
2025-07-22 07:30:00,1753149600,117717.0,117790.0,117392.0,117474.5,37378
2025-07-22 07:45:00,1753150500,117469.0,117690.0,117375.5,117519.5,27694
2025-07-22 08:00:00,1753151400,117519.5,117651.0,117247.0,117251.5,40182
2025-07-22 08:15:00,1753152300,117251.5,117297.0,116925.5,116991.5,49141
2025-07-22 08:30:00,1753153200,116992.5,117220.5,116922.5,116988.5,21087
2025-07-22 08:45:00,1753154100,116988.5,117129.0,116654.5,117102.5,66074
2025-07-22 09:00:00,1753155000,117100.0,117262.5,116757.0,116884.5,37304
2025-07-22 09:15:00,1753155900,116884.5,117194.0,116808.5,117189.0,25294
2025-07-22 09:30:00,1753156800,117189.0,117252.0,117042.0,117094.5,26866
2025-07-22 09:45:00,1753157700,117094.5,117141.5,116820.0,116929.0,33936
2025-07-22 10:00:00,1753158600,116953.0,117333.5,116811.5,116831.5,51271
2025-07-22 10:15:00,1753159500,116832.5,116913.0,116508.5,116511.5,80488
2025-07-22 10:30:00,1753160400,116511.5,117218.0,116495.5,117180.0,61039
2025-07-22 10:45:00,1753161300,117180.0,117330.0,117082.0,117134.0,44921
2025-07-22 11:00:00,1753162200,117134.0,117304.5,117023.0,117062.5,31108
2025-07-22 11:15:00,1753163100,117058.5,117300.0,116898.5,117300.0,42216
2025-07-22 11:30:00,1753164000,117304.5,117561.0,117236.5,117528.5,61403
2025-07-22 11:45:00,1753164900,117528.5,117710.0,117399.0,117692.5,49510
2025-07-22 12:00:00,1753165800,117691.5,117737.0,117519.5,117519.5,40621
2025-07-22 12:15:00,1753166700,117535.5,117812.0,117461.5,117812.0,62977
2025-07-22 12:30:00,1753167600,117812.0,118262.0,117734.5,118250.5,130951
2025-07-22 12:45:00,1753168500,118256.5,118565.0,118190.0,118541.0,120590
2025-07-22 13:00:00,1753169400,118542.0,118561.0,118082.0,118162.0,67999
2025-07-22 13:15:00,1753170300,118161.0,118196.5,117790.5,117971.5,50745
2025-07-22 13:30:00,1753171200,117970.5,117971.5,117513.0,117651.5,86346
2025-07-22 13:45:00,1753172100,117668.5,117967.0,117453.0,117696.0,80827
2025-07-22 14:00:00,1753173000,117697.0,118198.0,117670.5,118076.0,84839
2025-07-22 14:15:00,1753173900,118080.5,118343.0,118002.5,118269.0,52427
2025-07-22 14:30:00,1753174800,118265.0,118265.0,117994.0,118012.5,28752
2025-07-22 14:45:00,1753175700,118011.5,118234.0,117849.0,118178.0,50338
2025-07-22 15:00:00,1753176600,118191.0,118542.0,118191.0,118519.5,66261
2025-07-22 15:15:00,1753177500,118507.0,118650.0,118364.0,118367.5,82626
2025-07-22 15:30:00,1753178400,118365.0,118506.5,118283.5,118416.0,38162
2025-07-22 15:45:00,1753179300,118418.0,118522.0,118340.0,118512.0,26420
2025-07-22 16:00:00,1753180200,118522.5,118736.5,118522.5,118702.5,69818
2025-07-22 16:15:00,1753181100,118702.5,118958.0,118677.5,118953.5,72124
2025-07-22 16:30:00,1753182000,118958.0,119104.0,118776.5,118914.5,99861
2025-07-22 16:45:00,1753182900,118913.5,119062.0,118913.5,119061.5,33952
2025-07-22 17:00:00,1753183800,119061.5,119080.5,118873.0,119062.0,39508
2025-07-22 17:15:00,1753184700,119064.0,119212.0,119052.0,119154.5,62444
2025-07-22 17:30:00,1753185600,119154.5,119343.0,119082.5,119262.0,88029
2025-07-22 17:45:00,1753186500,119263.0,119266.5,119172.0,119227.5,28792
2025-07-22 18:00:00,1753187400,119227.5,119412.5,119033.0,119370.0,97242
2025-07-22 18:15:00,1753188300,119371.0,119434.5,119238.5,119293.0,64916
2025-07-22 18:30:00,1753189200,119293.0,119477.5,119206.0,119352.0,77536
2025-07-22 18:45:00,1753190100,119347.0,119347.0,119088.0,119203.0,61941
2025-07-22 19:00:00,1753191000,119207.0,119594.0,118812.0,119468.0,203154
2025-07-22 19:15:00,1753191900,119468.0,119468.0,118012.0,118146.5,286647
2025-07-22 19:30:00,1753192800,118147.5,118472.0,117533.5,118403.0,280987
2025-07-22 19:45:00,1753193700,118402.0,118569.5,118133.0,118437.5,128965
2025-07-22 20:00:00,1753194600,118437.5,118789.0,118300.0,118742.5,101512
2025-07-22 20:15:00,1753195500,118742.5,119126.0,118560.5,119055.0,119240
2025-07-22 20:30:00,1753196400,119055.0,119186.0,118965.0,119181.0,87173
2025-07-22 20:45:00,1753197300,119182.0,119182.0,118794.0,118881.5,85626
2025-07-22 21:00:00,1753198200,118881.5,119184.0,118681.5,118884.5,86859
2025-07-22 21:15:00,1753199100,118884.5,119064.5,118849.5,118912.0,40624
2025-07-22 21:30:00,1753200000,118911.0,119261.0,118735.0,119222.0,112144
2025-07-22 21:45:00,1753200900,119222.0,119386.0,118923.0,119044.0,121024
2025-07-22 22:00:00,1753201800,119029.0,119132.5,118712.0,118909.5,74488
2025-07-22 22:15:00,1753202700,118898.0,118898.0,118611.5,118675.0,77303
2025-07-22 22:30:00,1753203600,118675.0,118824.5,118388.5,118526.0,125857
2025-07-22 22:45:00,1753204500,118520.0,118753.0,118520.0,118718.5,72980
2025-07-22 23:00:00,1753205400,118713.5,119212.0,118680.0,119120.5,133720
2025-07-22 23:15:00,1753206300,119136.5,119227.5,119052.0,119208.0,41391
2025-07-22 23:30:00,1753207200,119208.0,119437.0,119062.0,119304.5,103073
2025-07-22 23:45:00,1753208100,119311.0,119537.0,119123.5,119411.0,70817
2025-07-23 00:00:00,1753209000,119412.0,119459.0,119175.0,119185.0,34956
2025-07-23 00:15:00,1753209900,119185.0,120313.0,119185.0,119779.5,233516
2025-07-23 00:30:00,1753210800,119779.5,119957.5,119612.5,119874.0,82540
2025-07-23 00:45:00,1753211700,119877.0,119880.0,119403.0,119673.5,62573
2025-07-23 01:00:00,1753212600,119673.5,119673.5,119267.5,119352.0,50843
2025-07-23 01:15:00,1753213500,119352.0,119463.0,119114.0,119304.0,48108
2025-07-23 01:30:00,1753214400,119298.5,119748.0,119219.0,119683.5,43391
2025-07-23 01:45:00,1753215300,119684.5,119868.5,119532.5,119811.5,34520
2025-07-23 02:00:00,1753216200,119811.5,119882.5,119578.5,119698.0,22300
2025-07-23 02:15:00,1753217100,119698.0,119935.0,119681.5,119733.0,21720
2025-07-23 02:30:00,1753218000,119756.5,119805.0,119581.0,119582.0,17729
2025-07-23 02:45:00,1753218900,119581.0,119656.0,119537.5,119538.5,13775
2025-07-23 03:00:00,1753219800,119545.5,119573.5,119475.5,119502.0,9700
2025-07-23 03:15:00,1753220700,119502.0,119598.0,119435.5,119435.5,9350
2025-07-23 03:30:00,1753221600,119430.0,119779.0,119430.0,119666.0,11180
2025-07-23 03:45:00,1753222500,119670.0,119942.5,119633.5,119856.0,12365
2025-07-23 04:00:00,1753223400,119861.0,120066.0,119836.5,120011.0,17416
2025-07-23 04:15:00,1753224300,120026.5,120026.5,119812.5,119865.5,4946
2025-07-23 04:30:00,1753225200,119890.5,120245.0,119843.0,120239.0,19924
2025-07-23 04:45:00,1753226100,120240.0,120278.5,120146.0,120157.5,16528
2025-07-23 05:00:00,1753227000,120150.0,120150.0,119899.5,120033.0,14545
2025-07-23 05:15:00,1753227900,120034.0,120123.5,119862.0,120005.0,7389
2025-07-23 05:30:00,1753228800,120006.0,120013.0,119804.0,119804.0,10502
2025-07-23 05:45:00,1753229700,119804.0,120159.0,119648.0,119682.0,33661
2025-07-23 06:00:00,1753230600,119693.5,120010.0,119692.5,119868.5,16402
2025-07-23 06:15:00,1753231500,119871.0,119917.0,119541.5,119600.0,20147
2025-07-23 06:30:00,1753232400,119600.0,119630.0,119436.0,119437.0,18209
2025-07-23 06:45:00,1753233300,119441.5,119680.0,119440.5,119527.5,21486
2025-07-23 07:00:00,1753234200,119527.5,119697.0,119481.5,119604.0,14389
2025-07-23 07:15:00,1753235100,119603.0,119736.0,119504.5,119534.0,22986
2025-07-23 07:30:00,1753236000,119537.5,119579.0,119163.0,119163.0,48730
2025-07-23 07:45:00,1753236900,119163.0,119420.0,119158.5,119352.0,23543
2025-07-23 08:00:00,1753237800,119352.0,119403.0,119031.5,119031.5,40136
2025-07-23 08:15:00,1753238700,119030.5,119177.0,119006.5,119108.0,39452
2025-07-23 08:30:00,1753239600,119108.0,119124.5,118933.5,118994.0,37645
2025-07-23 08:45:00,1753240500,118994.0,119025.0,118844.0,118960.0,34548
2025-07-23 09:00:00,1753241400,118960.0,118983.0,118780.5,118780.5,34356
2025-07-23 09:15:00,1753242300,118780.5,118780.5,118533.0,118632.0,66000
2025-07-23 09:30:00,1753243200,118633.0,118757.5,118581.5,118711.5,38350
2025-07-23 09:45:00,1753244100,118712.5,118928.0,118636.5,118832.5,47786
2025-07-23 10:00:00,1753245000,118842.0,118872.0,118766.5,118795.5,18301
2025-07-23 10:15:00,1753245900,118795.5,118989.0,118725.0,118989.0,44300
2025-07-23 10:30:00,1753246800,118989.5,119010.0,118766.5,118881.5,40641
2025-07-23 10:45:00,1753247700,118888.0,118929.5,118733.5,118754.5,36107
2025-07-23 11:00:00,1753248600,118758.0,118839.5,118654.5,118654.5,35360
2025-07-23 11:15:00,1753249500,118655.5,118753.0,118598.0,118630.0,30845
2025-07-23 11:30:00,1753250400,118637.5,118712.0,118530.5,118535.0,46911
2025-07-23 11:45:00,1753251300,118535.0,118592.5,118411.5,118589.0,67903
2025-07-23 12:00:00,1753252200,118589.0,118680.0,118419.0,118419.0,48884
2025-07-23 12:15:00,1753253100,118419.0,118482.5,118363.0,118412.5,47746
2025-07-23 12:30:00,1753254000,118411.0,118521.0,118331.5,118476.5,42222
2025-07-23 12:45:00,1753254900,118475.5,118591.0,118444.5,118526.5,25127
2025-07-23 13:00:00,1753255800,118525.5,118568.0,118390.0,118440.5,27823
2025-07-23 13:15:00,1753256700,118439.5,118474.5,118260.5,118338.0,46521
2025-07-23 13:30:00,1753257600,118330.0,118537.5,118215.0,118537.5,57947
2025-07-23 13:45:00,1753258500,118537.5,118542.0,118296.0,118348.5,27412
2025-07-23 14:00:00,1753259400,118369.0,118384.0,118220.0,118283.0,36040
2025-07-23 14:15:00,1753260300,118282.5,118436.0,118244.5,118400.5,46491
2025-07-23 14:30:00,1753261200,118401.0,118459.0,118170.0,118250.5,35713
2025-07-23 14:45:00,1753262100,118250.0,118250.0,117956.0,117960.5,79282
2025-07-23 15:00:00,1753263000,117960.5,118161.0,117879.0,118057.0,66987
2025-07-23 15:15:00,1753263900,118050.0,118156.0,118013.5,118013.5,26253
2025-07-23 15:30:00,1753264800,118013.5,118108.5,117801.5,117818.0,47087
2025-07-23 15:45:00,1753265700,117817.0,118267.0,117817.0,118241.5,57734
2025-07-23 16:00:00,1753266600,118240.5,118304.5,118156.5,118252.0,34945
2025-07-23 16:15:00,1753267500,118261.0,118372.0,118261.0,118343.5,30270
2025-07-23 16:30:00,1753268400,118343.5,118427.0,118131.0,118131.0,41474
2025-07-23 16:45:00,1753269300,118131.0,118598.5,118131.0,118566.0,66880
2025-07-23 17:00:00,1753270200,118579.0,118579.0,118481.5,118536.0,26160
2025-07-23 17:15:00,1753271100,118537.0,118559.5,118453.5,118497.0,19453
2025-07-23 17:30:00,1753272000,118497.0,118628.0,118390.5,118626.0,49227
2025-07-23 17:45:00,1753272900,118626.0,118628.0,118412.0,118519.5,38371
2025-07-23 18:00:00,1753273800,118518.5,118574.5,118153.5,118223.5,73393
2025-07-23 18:15:00,1753274700,118223.5,118342.5,117765.0,117944.0,116735
2025-07-23 18:30:00,1753275600,117945.0,118175.5,117833.0,118088.5,67006
2025-07-23 18:45:00,1753276500,118083.5,118101.5,117764.0,118050.0,56501
2025-07-23 19:00:00,1753277400,118040.5,118042.0,117572.0,117573.5,134920
2025-07-23 19:15:00,1753278300,117574.5,117701.0,117283.0,117349.0,184541
2025-07-23 19:30:00,1753279200,117348.0,117905.0,117275.5,117662.5,134370
2025-07-23 19:45:00,1753280100,117662.5,118063.0,117657.0,117974.0,82760
2025-07-23 20:00:00,1753281000,117964.5,118011.0,117778.5,117880.0,44515
2025-07-23 20:15:00,1753281900,117885.0,118182.0,117763.5,118182.0,52338
2025-07-23 20:30:00,1753282800,118182.0,118240.5,117791.5,117791.5,99694
2025-07-23 20:45:00,1753283700,117791.5,118078.5,117779.5,118041.5,47207
2025-07-23 21:00:00,1753284600,118042.5,118245.5,118003.5,118243.0,66891
2025-07-23 21:15:00,1753285500,118243.0,118699.5,118086.5,118542.0,147015
2025-07-23 21:30:00,1753286400,118542.0,118543.0,117859.0,117860.0,120098
2025-07-23 21:45:00,1753287300,117872.5,118020.5,117602.5,117836.5,95241
2025-07-23 22:00:00,1753288200,117834.0,117834.0,117516.5,117748.5,84189
2025-07-23 22:15:00,1753289100,117747.5,117881.5,117547.5,117682.5,65431
2025-07-23 22:30:00,1753290000,117682.5,117884.0,117431.5,117528.5,91968
2025-07-23 22:45:00,1753290900,117518.0,117813.0,117286.5,117609.0,132226
2025-07-23 23:00:00,1753291800,117605.0,117900.0,117391.5,117827.0,72513
2025-07-23 23:15:00,1753292700,117832.5,118097.0,117633.5,118090.0,86413
2025-07-23 23:30:00,1753293600,118099.0,118224.5,117950.0,118082.5,68375
2025-07-23 23:45:00,1753294500,118100.0,118262.0,117975.0,118139.0,33094
2025-07-24 00:00:00,1753295400,118138.0,118299.0,118072.5,118149.5,30927
2025-07-24 00:15:00,1753296300,118149.5,118358.5,118149.5,118347.0,32059
2025-07-24 00:30:00,1753297200,118346.0,118410.0,118263.5,118317.0,36322
2025-07-24 00:45:00,1753298100,118294.0,118420.5,118174.0,118311.5,25210
2025-07-24 01:00:00,1753299000,118290.0,118334.5,118185.5,118232.0,11759
2025-07-24 01:15:00,1753299900,118232.0,118439.5,118232.0,118352.0,11288
2025-07-24 01:30:00,1753300800,118355.5,118458.0,118245.5,118435.5,17949
2025-07-24 01:45:00,1753301700,118395.0,118434.0,117941.5,117994.5,33457
2025-07-24 02:00:00,1753302600,117989.0,118047.5,117519.0,117856.0,69894
2025-07-24 02:15:00,1753303500,117853.0,118030.0,117747.5,117853.5,19881
2025-07-24 02:30:00,1753304400,117859.0,118087.0,117859.0,118018.0,9115
2025-07-24 02:45:00,1753305300,118012.5,118033.5,117356.5,117526.5,41529
2025-07-24 03:00:00,1753306200,117526.5,117922.5,117336.0,117800.0,40569
2025-07-24 03:15:00,1753307100,117828.5,118151.5,117827.5,118151.5,17759
2025-07-24 03:30:00,1753308000,118155.0,118288.5,117904.5,118237.5,17137
2025-07-24 03:45:00,1753308900,118263.5,118609.5,118190.0,118578.5,21802
2025-07-24 04:00:00,1753309800,118577.5,118611.5,118487.0,118559.5,17510
2025-07-24 04:15:00,1753310700,118559.0,118601.0,118460.0,118549.0,15371
2025-07-24 04:30:00,1753311600,118550.0,118688.5,118537.5,118669.0,17226
2025-07-24 04:45:00,1753312500,118666.0,118673.5,118475.0,118606.5,14426
2025-07-24 05:00:00,1753313400,118603.0,118612.0,118384.5,118535.0,10760
2025-07-24 05:15:00,1753314300,118535.0,118736.0,118444.0,118724.5,18142
2025-07-24 05:30:00,1753315200,118725.5,118772.0,118541.0,118714.0,25255
2025-07-24 05:45:00,1753316100,118714.0,119052.0,118644.5,119003.0,41631
2025-07-24 06:00:00,1753317000,119004.0,119114.5,118868.5,119025.5,21085
2025-07-24 06:15:00,1753317900,119025.5,119083.5,118883.0,119035.0,19730
2025-07-24 06:30:00,1753318800,119035.0,119042.5,118813.5,118839.0,21840
2025-07-24 06:45:00,1753319700,118839.0,119012.5,118839.0,118944.0,17195
2025-07-24 07:00:00,1753320600,118947.0,119026.5,118764.5,118972.5,22048
2025-07-24 07:15:00,1753321500,118971.5,119089.0,118936.5,119072.5,25360
2025-07-24 07:30:00,1753322400,119072.5,119072.5,118867.5,118921.5,31525
2025-07-24 07:45:00,1753323300,118920.5,118921.5,118776.0,118836.0,17633
2025-07-24 08:00:00,1753324200,118837.0,119038.0,118836.0,119019.5,16146
2025-07-24 08:15:00,1753325100,119013.0,119058.5,118887.5,118932.5,21739
2025-07-24 08:30:00,1753326000,118941.5,119009.5,118878.0,118987.0,11669
2025-07-24 08:45:00,1753326900,118988.0,119249.5,118987.0,119249.5,47800
2025-07-24 09:00:00,1753327800,119249.5,119277.5,118891.0,118891.0,47484
2025-07-24 09:15:00,1753328700,118891.0,118901.5,118436.5,118460.0,96465
2025-07-24 09:30:00,1753329600,118463.0,118554.5,118141.0,118550.0,93251
2025-07-24 09:45:00,1753330500,118550.0,118550.0,118219.5,118263.0,48146
2025-07-24 10:00:00,1753331400,118262.0,118307.0,117847.5,117857.5,85705
2025-07-24 10:15:00,1753332300,117857.5,118012.0,117804.0,117917.0,58154
2025-07-24 10:30:00,1753333200,117917.0,117946.5,117583.5,117584.5,85076
2025-07-24 10:45:00,1753334100,117580.0,117781.0,117466.5,117564.0,63787
2025-07-24 11:00:00,1753335000,117564.0,117865.5,117517.5,117862.0,48666
2025-07-24 11:15:00,1753335900,117861.0,117865.5,117462.0,117570.5,50051
2025-07-24 11:30:00,1753336800,117597.0,117767.5,117554.5,117711.0,24732
2025-07-24 11:45:00,1753337700,117726.0,117827.5,117450.0,117774.0,36775
2025-07-24 12:00:00,1753338600,117773.5,117833.0,117411.5,117414.0,59782
2025-07-24 12:15:00,1753339500,117411.5,117574.0,117348.5,117430.0,57869
2025-07-24 12:30:00,1753340400,117430.0,117981.0,117061.5,117980.0,153380
2025-07-24 12:45:00,1753341300,117981.0,118134.0,117846.5,118092.5,76216
2025-07-24 13:00:00,1753342200,118092.5,118234.0,117891.0,118234.0,58512
2025-07-24 13:15:00,1753343100,118240.0,118462.0,118070.0,118374.0,62245
2025-07-24 13:30:00,1753344000,118379.5,118789.5,118191.5,118716.0,94483
2025-07-24 13:45:00,1753344900,118701.5,118701.5,118479.0,118597.5,49719
2025-07-24 14:00:00,1753345800,118598.5,118758.0,118534.5,118612.0,42430
2025-07-24 14:15:00,1753346700,118611.0,118782.0,118611.0,118758.0,38054
2025-07-24 14:30:00,1753347600,118760.5,118801.5,118593.5,118638.0,36456
2025-07-24 14:45:00,1753348500,118637.0,118696.5,118457.5,118590.0,28069
2025-07-24 15:00:00,1753349400,118600.0,118652.5,118382.0,118547.5,46405
2025-07-24 15:15:00,1753350300,118547.5,118552.0,118270.0,118472.5,55391
2025-07-24 15:30:00,1753351200,118483.5,118623.5,118276.5,118324.5,45306
2025-07-24 15:45:00,1753352100,118323.5,118368.0,118100.0,118100.0,80069
2025-07-24 16:00:00,1753353000,118100.0,118123.5,117934.5,118105.5,69862
2025-07-24 16:15:00,1753353900,118104.5,118388.5,118059.5,118361.0,71011
2025-07-24 16:30:00,1753354800,118361.0,118682.0,118285.5,118654.5,75060
2025-07-24 16:45:00,1753355700,118652.5,118726.5,118571.5,118592.0,87098
2025-07-24 17:00:00,1753356600,118592.0,118628.5,118550.0,118612.5,25857
2025-07-24 17:15:00,1753357500,118612.5,118712.0,118577.5,118577.5,27484
2025-07-24 17:30:00,1753358400,118569.5,118711.5,118479.0,118558.5,43564
2025-07-24 17:45:00,1753359300,118557.5,118562.5,118293.0,118562.5,53976
2025-07-24 18:00:00,1753360200,118495.5,118572.5,118295.0,118312.0,33064
2025-07-24 18:15:00,1753361100,118312.0,118546.5,118247.5,118490.5,34108
2025-07-24 18:30:00,1753362000,118490.5,118654.5,118426.0,118589.5,34935
2025-07-24 18:45:00,1753362900,118589.5,118687.5,118589.5,118643.0,31332
2025-07-24 19:00:00,1753363800,118643.0,118678.0,118379.5,118566.5,49532
2025-07-24 19:15:00,1753364700,118572.0,118682.0,118166.0,118182.5,92160
2025-07-24 19:30:00,1753365600,118183.5,118459.5,117784.0,117946.5,180118
2025-07-24 19:45:00,1753366500,117942.0,118227.0,117850.5,118108.0,80212
2025-07-24 20:00:00,1753367400,118107.0,118673.5,118098.5,118582.0,118303
2025-07-24 20:15:00,1753368300,118582.0,119110.0,118579.5,119033.0,159920
2025-07-24 20:30:00,1753369200,119033.0,119458.0,119009.0,119251.0,231743
2025-07-24 20:45:00,1753370100,119251.0,119252.0,118861.5,118983.5,113351
2025-07-24 21:00:00,1753371000,118983.5,119012.0,118585.0,118830.0,158055
2025-07-24 21:15:00,1753371900,118830.0,119098.0,118816.5,119086.5,72698
2025-07-24 21:30:00,1753372800,119086.5,119198.5,118795.0,118867.0,56563
2025-07-24 21:45:00,1753373700,118857.5,118959.5,118650.5,118652.0,63427
2025-07-24 22:00:00,1753374600,118653.0,118801.5,118324.5,118362.5,122201
2025-07-24 22:15:00,1753375500,118361.5,118612.5,118319.0,118510.0,58509
2025-07-24 22:30:00,1753376400,118510.0,118951.5,118460.5,118855.0,103194
2025-07-24 22:45:00,1753377300,118855.0,119135.5,118760.0,118980.5,94963
2025-07-24 23:00:00,1753378200,118980.5,119208.0,118980.5,119173.5,43936
2025-07-24 23:15:00,1753379100,119172.5,119298.0,119070.5,119104.5,55412
2025-07-24 23:30:00,1753380000,119100.5,119389.0,118975.5,119282.0,86049
2025-07-24 23:45:00,1753380900,119285.0,119323.0,119141.5,119278.5,34895
2025-07-25 00:00:00,1753381800,119277.5,119312.0,118936.5,118991.0,53805
2025-07-25 00:15:00,1753382700,119007.0,119084.0,118934.5,119015.0,22337
2025-07-25 00:30:00,1753383600,119014.0,119320.0,119007.0,119306.5,33497
2025-07-25 00:45:00,1753384500,119306.5,119315.0,119017.5,119132.5,27950
2025-07-25 01:00:00,1753385400,119132.5,119146.0,118905.0,118958.5,26745
2025-07-25 01:15:00,1753386300,118968.0,119108.5,118861.5,118914.0,24645
2025-07-25 01:30:00,1753387200,118913.0,118963.0,118774.5,118836.0,28487
2025-07-25 01:45:00,1753388100,118836.0,118896.5,118755.0,118872.0,14098
2025-07-25 02:00:00,1753389000,118864.5,118881.5,118720.0,118759.5,17832
2025-07-25 02:15:00,1753389900,118758.5,118826.5,118683.5,118690.0,12021
2025-07-25 02:30:00,1753390800,118690.0,118762.0,118558.5,118558.5,14563
2025-07-25 02:45:00,1753391700,118559.5,118637.5,118511.5,118511.5,16538
2025-07-25 03:00:00,1753392600,118511.5,118601.5,118447.5,118579.0,19568
2025-07-25 03:15:00,1753393500,118580.0,118603.0,118500.0,118500.0,9218
2025-07-25 03:30:00,1753394400,118492.5,118600.5,118403.0,118403.0,12906
2025-07-25 03:45:00,1753395300,118404.0,118550.5,118336.5,118432.5,8325
2025-07-25 04:00:00,1753396200,118432.5,118432.5,118336.5,118381.0,4607
2025-07-25 04:15:00,1753397100,118380.0,118380.0,118136.0,118271.5,21862
2025-07-25 04:30:00,1753398000,118237.5,118425.0,118146.0,118304.0,10241
2025-07-25 04:45:00,1753398900,118303.0,118410.5,118152.5,118192.5,4734
2025-07-25 05:00:00,1753399800,118199.0,118368.0,118123.5,118257.5,6404
2025-07-25 05:15:00,1753400700,118272.0,118344.5,118184.5,118300.0,7344
2025-07-25 05:30:00,1753401600,118308.5,118423.5,117985.0,118122.5,32123
2025-07-25 05:45:00,1753402500,118121.5,118150.5,117898.5,117914.5,19649
2025-07-25 06:00:00,1753403400,117914.5,117950.0,117611.5,117752.0,53063
2025-07-25 06:15:00,1753404300,117765.5,117797.5,117618.5,117632.5,35304
2025-07-25 06:30:00,1753405200,117632.5,117784.0,117528.5,117530.5,34833
2025-07-25 06:45:00,1753406100,117530.5,117539.0,117290.0,117417.0,63767
2025-07-25 07:00:00,1753407000,117418.0,117694.0,117320.0,117435.5,39482
2025-07-25 07:15:00,1753407900,117433.5,117481.0,117209.5,117347.0,55847
2025-07-25 07:30:00,1753408800,117347.0,117371.5,117093.0,117187.0,51995
2025-07-25 07:45:00,1753409700,117187.5,117230.0,117086.5,117103.0,34220
2025-07-25 08:00:00,1753410600,117104.0,117125.0,116563.0,116601.5,150080
2025-07-25 08:15:00,1753411500,116602.5,116744.0,116311.5,116312.5,104763
2025-07-25 08:30:00,1753412400,116311.5,116402.0,115808.5,116197.5,194684
2025-07-25 08:45:00,1753413300,116197.5,116262.5,115798.5,115995.0,119083
2025-07-25 09:00:00,1753414200,115993.0,115993.0,115315.5,115379.5,212301
2025-07-25 09:15:00,1753415100,115379.5,115677.0,115311.5,115396.0,75590
2025-07-25 09:30:00,1753416000,115397.0,115555.5,115135.0,115218.5,132112
2025-07-25 09:45:00,1753416900,115199.5,115371.0,115091.5,115317.5,78824
2025-07-25 10:00:00,1753417800,115317.5,115928.5,115307.5,115671.5,167247
2025-07-25 10:15:00,1753418700,115670.5,116112.0,115670.5,116056.0,105443
2025-07-25 10:30:00,1753419600,116056.0,116056.0,115233.5,115312.5,149794
2025-07-25 10:45:00,1753420500,115311.0,115767.0,115277.5,115575.0,68165
2025-07-25 11:00:00,1753421400,115568.0,115641.0,115445.0,115597.0,33888
2025-07-25 11:15:00,1753422300,115598.0,115612.5,115377.5,115493.5,40782
2025-07-25 11:30:00,1753423200,115492.5,115494.0,115235.0,115370.5,40304
2025-07-25 11:45:00,1753424100,115362.5,115446.0,115211.5,115284.0,32783
2025-07-25 12:00:00,1753425000,115279.5,115459.5,115171.5,115374.5,47015
2025-07-25 12:15:00,1753425900,115372.5,115431.0,115254.5,115270.0,27152
2025-07-25 12:30:00,1753426800,115262.0,115558.5,115011.5,115491.0,183217
2025-07-25 12:45:00,1753427700,115492.0,115940.0,115411.5,115530.5,130894
2025-07-25 13:00:00,1753428600,115522.0,115578.5,115131.5,115152.5,75114
2025-07-25 13:15:00,1753429500,115152.5,115394.5,114683.5,115301.0,259275
2025-07-25 13:30:00,1753430400,115300.0,115660.0,115244.5,115652.5,125713
2025-07-25 13:45:00,1753431300,115652.5,115971.5,115491.5,115714.5,112301
2025-07-25 14:00:00,1753432200,115714.5,115743.5,115131.5,115132.5,100897
2025-07-25 14:15:00,1753433100,115131.5,115577.0,115027.0,115211.5,66470
2025-07-25 14:30:00,1753434000,115202.0,115348.0,115023.0,115339.0,49135
2025-07-25 14:45:00,1753434900,115339.0,115806.5,115165.0,115799.0,70687
2025-07-25 15:00:00,1753435800,115800.0,115894.0,115571.5,115571.5,60217
2025-07-25 15:15:00,1753436700,115566.5,116062.0,115470.0,116036.5,72052
2025-07-25 15:30:00,1753437600,116036.5,116332.5,115968.5,116212.0,168298
2025-07-25 15:45:00,1753438500,116212.0,116278.0,116060.0,116100.5,65246
2025-07-25 16:00:00,1753439400,116117.5,116400.0,116117.5,116391.0,77270
2025-07-25 16:15:00,1753440300,116400.0,116497.0,116236.0,116289.0,60209
2025-07-25 16:30:00,1753441200,116302.5,116612.0,116301.0,116458.5,89809
2025-07-25 16:45:00,1753442100,116457.5,116765.0,116457.5,116677.5,78635
2025-07-25 17:00:00,1753443000,116677.5,116773.5,116455.5,116511.5,81815
2025-07-25 17:15:00,1753443900,116512.5,116627.5,116455.5,116516.0,37247
2025-07-25 17:30:00,1753444800,116516.0,116641.0,116308.0,116498.5,59680
2025-07-25 17:45:00,1753445700,116498.5,116585.0,116194.0,116238.5,66370
2025-07-25 18:00:00,1753446600,116239.5,116414.0,115934.5,116399.0,136079
2025-07-25 18:15:00,1753447500,116398.0,116452.0,115976.5,116092.0,80315
2025-07-25 18:30:00,1753448400,116098.0,116126.5,115900.0,116061.5,56526
2025-07-25 18:45:00,1753449300,116062.5,116078.5,115968.5,116071.5,28564
2025-07-25 19:00:00,1753450200,116072.5,116584.0,115537.5,115639.5,253715
2025-07-25 19:15:00,1753451100,115653.0,116225.5,115644.0,116208.0,122955
2025-07-25 19:30:00,1753452000,116207.0,116280.0,115561.5,115582.0,103686
2025-07-25 19:45:00,1753452900,115581.0,115731.5,115311.5,115576.5,106776
2025-07-25 20:00:00,1753453800,115577.5,115658.5,115078.5,115081.0,142951
2025-07-25 20:15:00,1753454700,115092.5,115312.5,114904.5,114946.0,135489
2025-07-25 20:30:00,1753455600,114952.0,115431.0,114886.0,115335.5,119934
2025-07-25 20:45:00,1753456500,115333.0,115662.0,115211.5,115507.5,134913
2025-07-25 21:00:00,1753457400,115500.0,115612.0,115221.0,115312.5,91608
2025-07-25 21:15:00,1753458300,115324.5,115836.5,115316.5,115698.5,93073
2025-07-25 21:30:00,1753459200,115704.0,115913.0,115631.5,115838.0,64265
2025-07-25 21:45:00,1753460100,115840.0,115906.0,115426.5,115759.5,95546
2025-07-25 22:00:00,1753461000,115766.5,115926.0,115535.5,115888.5,84478
2025-07-25 22:15:00,1753461900,115885.0,116174.5,115852.0,116155.5,118036
2025-07-25 22:30:00,1753462800,116150.0,116329.0,116113.0,116254.5,74300
2025-07-25 22:45:00,1753463700,116252.5,116277.5,115912.5,116089.0,86355
2025-07-25 23:00:00,1753464600,116089.0,116211.0,115842.5,116201.0,58237
2025-07-25 23:15:00,1753465500,116201.0,116204.0,116019.0,116020.0,25612
2025-07-25 23:30:00,1753466400,116014.5,116401.5,116014.5,116378.0,75791
2025-07-25 23:45:00,1753467300,116378.0,116453.5,116269.5,116379.5,59044
2025-07-26 00:00:00,1753468200,116383.0,116482.0,116304.0,116472.0,35340
2025-07-26 00:15:00,1753469100,116472.0,116552.0,116396.5,116467.0,55091
2025-07-26 00:30:00,1753470000,116467.0,116641.5,116383.5,116639.5,49173
2025-07-26 00:45:00,1753470900,116639.5,116750.0,116541.0,116594.0,53963
2025-07-26 01:00:00,1753471800,116594.0,116993.0,116594.0,116965.0,89408
2025-07-26 01:15:00,1753472700,116965.0,116989.0,116593.5,116670.5,56020
2025-07-26 01:30:00,1753473600,116662.0,116815.0,116541.5,116582.0,28109
2025-07-26 01:45:00,1753474500,116582.0,116747.5,116582.0,116709.0,12689
2025-07-26 02:00:00,1753475400,116710.0,117239.5,116704.0,117230.5,85487
2025-07-26 02:15:00,1753476300,117230.5,117312.0,116961.0,117021.0,52988
2025-07-26 02:30:00,1753477200,117017.5,117301.5,117017.5,117280.0,19681
2025-07-26 02:45:00,1753478100,117275.0,117371.5,117177.5,117242.5,28603
2025-07-26 03:00:00,1753479000,117248.0,117249.0,116938.5,117033.5,23365
2025-07-26 03:15:00,1753479900,117034.5,117227.0,117033.5,117194.5,14179
2025-07-26 03:30:00,1753480800,117195.5,117245.0,117143.5,117164.5,14438
2025-07-26 03:45:00,1753481700,117174.5,117232.5,117094.5,117232.5,8089
2025-07-26 04:00:00,1753482600,117232.5,117345.0,117197.5,117322.0,7977
2025-07-26 04:15:00,1753483500,117321.0,117321.0,117188.0,117261.0,9848
2025-07-26 04:30:00,1753484400,117262.0,117318.0,117162.0,117198.5,8186
2025-07-26 04:45:00,1753485300,117198.5,117353.0,117198.5,117287.5,13154
2025-07-26 05:00:00,1753486200,117288.5,117597.0,117287.5,117511.5,41957
2025-07-26 05:15:00,1753487100,117511.5,117627.5,117511.5,117603.0,29643
2025-07-26 05:30:00,1753488000,117595.5,117595.5,117311.0,117395.5,21032
2025-07-26 05:45:00,1753488900,117397.5,117537.0,117370.5,117537.0,10454
2025-07-26 06:00:00,1753489800,117537.0,117597.5,117450.0,117465.0,13568
2025-07-26 06:15:00,1753490700,117451.0,117485.5,117320.0,117484.5,13212
2025-07-26 06:30:00,1753491600,117485.5,117540.0,117430.5,117540.0,11428
2025-07-26 06:45:00,1753492500,117540.0,117550.0,117362.5,117384.0,16594
2025-07-26 07:00:00,1753493400,117384.0,117427.5,117236.5,117236.5,24554
2025-07-26 07:15:00,1753494300,117237.5,117331.0,117125.5,117155.0,26622
2025-07-26 07:30:00,1753495200,117156.0,117301.5,117155.0,117301.5,14901
2025-07-26 07:45:00,1753496100,117300.5,117580.5,117300.5,117579.5,34696
2025-07-26 08:00:00,1753497000,117579.5,117753.0,117452.5,117454.5,61373
2025-07-26 08:15:00,1753497900,117454.5,117595.0,117454.5,117456.0,20968
2025-07-26 08:30:00,1753498800,117454.5,117592.0,117454.5,117562.0,19914
2025-07-26 08:45:00,1753499700,117562.0,117579.5,117433.0,117433.0,20348
2025-07-26 09:00:00,1753500600,117435.0,117550.0,117435.0,117483.5,12128
2025-07-26 09:15:00,1753501500,117483.5,117562.0,117467.0,117468.0,11823
2025-07-26 09:30:00,1753502400,117468.0,117527.5,117402.0,117526.5,20569
2025-07-26 09:45:00,1753503300,117527.5,117527.5,117432.5,117461.0,12569
2025-07-26 10:00:00,1753504200,117462.0,117504.5,117445.0,117461.5,12151
2025-07-26 10:15:00,1753505100,117462.5,117482.0,117377.5,117481.5,20012
2025-07-26 10:30:00,1753506000,117481.5,117485.5,117402.0,117407.5,8470
2025-07-26 10:45:00,1753506900,117406.5,117528.5,117405.0,117528.0,17459
2025-07-26 11:00:00,1753507800,117528.0,117528.0,117462.5,117462.5,18304
2025-07-26 11:15:00,1753508700,117462.5,117463.5,117413.5,117426.5,11443
2025-07-26 11:30:00,1753509600,117426.5,117442.5,117337.0,117337.0,23807
2025-07-26 11:45:00,1753510500,117337.0,117347.0,117300.0,117332.5,26080
2025-07-26 12:00:00,1753511400,117332.5,117419.0,117328.0,117389.0,20645
2025-07-26 12:15:00,1753512300,117389.0,117390.0,117320.0,117320.0,9869
2025-07-26 12:30:00,1753513200,117321.0,117336.5,117303.5,117322.5,10589
2025-07-26 12:45:00,1753514100,117322.0,117368.0,117322.0,117336.0,10967
2025-07-26 13:00:00,1753515000,117337.0,117355.0,117300.0,117345.5,16117
2025-07-26 13:15:00,1753515900,117344.5,117359.5,117299.5,117300.5,8478
2025-07-26 13:30:00,1753516800,117299.5,117328.5,117299.5,117326.5,5337
2025-07-26 13:45:00,1753517700,117326.5,117483.5,117326.5,117483.5,25699
2025-07-26 14:00:00,1753518600,117483.5,117504.0,117436.5,117472.5,18568
2025-07-26 14:15:00,1753519500,117472.5,117612.5,117471.0,117541.5,38900
2025-07-26 14:30:00,1753520400,117542.5,117607.5,117491.5,117536.5,22566
2025-07-26 14:45:00,1753521300,117536.5,117552.5,117446.5,117446.5,16617
2025-07-26 15:00:00,1753522200,117441.5,117504.5,117430.0,117504.5,11286
2025-07-26 15:15:00,1753523100,117504.5,117559.5,117503.5,117559.5,11612
2025-07-26 15:30:00,1753524000,117558.5,117623.5,117515.0,117616.0,34270
2025-07-26 15:45:00,1753524900,117615.5,117771.5,117608.5,117756.5,50989
2025-07-26 16:00:00,1753525800,117756.5,118233.5,117755.5,118189.5,141337
2025-07-26 16:15:00,1753526700,118189.5,118202.0,117934.5,117966.5,58428
2025-07-26 16:30:00,1753527600,117965.5,118056.0,117944.0,118032.0,26031
2025-07-26 16:45:00,1753528500,118033.0,118071.5,117867.0,117933.5,40539
2025-07-26 17:00:00,1753529400,117946.5,118001.5,117801.5,117811.0,36127
2025-07-26 17:15:00,1753530300,117811.0,117860.0,117770.0,117770.5,31418
2025-07-26 17:30:00,1753531200,117770.5,117821.0,117765.5,117808.5,19005
2025-07-26 17:45:00,1753532100,117808.5,117992.5,117807.5,117941.0,31711
2025-07-26 18:00:00,1753533000,117941.0,117962.0,117878.5,117931.5,20564
2025-07-26 18:15:00,1753533900,117931.5,117949.0,117895.5,117897.0,8696
2025-07-26 18:30:00,1753534800,117897.0,118146.5,117830.5,118111.0,62553
2025-07-26 18:45:00,1753535700,118111.5,118206.0,118050.0,118068.5,39508
2025-07-26 19:00:00,1753536600,118068.5,118225.0,118068.5,118206.0,32500
2025-07-26 19:15:00,1753537500,118207.0,118207.0,118099.5,118111.5,26211
2025-07-26 19:30:00,1753538400,118110.5,118212.0,118083.0,118124.0,36555
2025-07-26 19:45:00,1753539300,118124.0,118176.0,117983.5,117998.5,37505
2025-07-26 20:00:00,1753540200,117998.5,118124.5,117934.0,118093.5,39471
2025-07-26 20:15:00,1753541100,118093.5,118148.5,118041.0,118041.5,24181
2025-07-26 20:30:00,1753542000,118041.5,118124.0,117906.0,117921.5,38842
2025-07-26 20:45:00,1753542900,117921.5,117945.0,117812.5,117875.5,51319
2025-07-26 21:00:00,1753543800,117875.5,117942.5,117853.0,117913.0,19276
2025-07-26 21:15:00,1753544700,117912.0,118161.0,117912.0,118123.5,53360
2025-07-26 21:30:00,1753545600,118122.5,118191.0,117996.5,118065.0,54676
2025-07-26 21:45:00,1753546500,118065.0,118175.0,118064.0,118163.5,24773
2025-07-26 22:00:00,1753547400,118162.5,118212.0,118050.5,118061.5,34292
2025-07-26 22:15:00,1753548300,118060.5,118091.5,118011.5,118066.5,24770
2025-07-26 22:30:00,1753549200,118067.5,118091.0,118005.5,118024.0,19472
2025-07-26 22:45:00,1753550100,118025.0,118079.0,118024.0,118049.0,9529
2025-07-26 23:00:00,1753551000,118048.0,118060.0,117970.0,117972.0,28713
2025-07-26 23:15:00,1753551900,117972.0,118023.5,117972.0,118011.5,6968
